{"cameraMode":{"drawMode":0,"name":"Shaded","section":"Shading Mode"},"sceneLighting":false,"audioPlay":false,"sceneViewState":{"showFog":true,"showMaterialUpdate":false,"showSkybox":false,"showFlares":true,"showImageEffects":true,"showParticleSystems":true},"in2DMode":false,"pivot":{"x":-10.324859619140625,"y":13.057013511657715,"z":17.684295654296876},"rotation":{"x":-0.07075576484203339,"y":0.707514762878418,"z":-0.07156692445278168,"w":-0.6994965672492981},"size":60.547672271728519,"orthographic":false}