{"cameraMode":{"drawMode":0,"name":"Shaded","section":"Shading Mode"},"sceneLighting":false,"audioPlay":false,"sceneViewState":{"showFog":true,"showMaterialUpdate":false,"showSkybox":false,"showFlares":true,"showImageEffects":true,"showParticleSystems":true},"in2DMode":false,"pivot":{"x":42.59015655517578,"y":0.011229991912841797,"z":-19.451553344726564},"rotation":{"x":-0.01673390343785286,"y":-0.9788916707038879,"z":-0.08951328694820404,"w":0.18297821283340455},"size":80.90660095214844,"orthographic":false}